Feature,Importance
Channel,0.004969198540259974
DS Channel,0.013017440788184401
HT Capabilities SUM,0.14960802475923063
Extended Capabilities SUM,0.2294321595436008
Vendor Specific Tags SUM,0.21637950112010754
Supported Rates SUM,0.04934633180171658
Extended Supported Rates SUM,0.019171694300653012
Length,0.13971740244498038
Length NO SSID,0.1783582467012667
